<?xml version="1.0" encoding="UTF-8"?>
<GenRun Id="impl_1" LaunchPart="xc7z020clg484-1" LaunchTime="1648802057">
  <File Type="ROUTE-PWR" Name="arm_power_routed.rpt"/>
  <File Type="PA-TCL" Name="arm.tcl"/>
  <File Type="BITSTR-MMI" Name="arm.mmi"/>
  <File Type="OPT-METHODOLOGY-DRC" Name="arm_methodology_drc_opted.rpt"/>
  <File Type="INIT-TIMING" Name="arm_timing_summary_init.rpt"/>
  <File Type="ROUTE-PWR-SUM" Name="arm_power_summary_routed.pb"/>
  <File Type="REPORTS-TCL" Name="arm_reports.tcl"/>
  <File Type="OPT-TIMING" Name="arm_timing_summary_opted.rpt"/>
  <File Type="OPT-DCP" Name="arm_opt.dcp"/>
  <File Type="OPT-DRC" Name="arm_drc_opted.rpt"/>
  <File Type="OPT-HWDEF" Name="arm.hwdef"/>
  <File Type="PWROPT-DCP" Name="arm_pwropt.dcp"/>
  <File Type="PWROPT-DRC" Name="arm_drc_pwropted.rpt"/>
  <File Type="PWROPT-TIMING" Name="arm_timing_summary_pwropted.rpt"/>
  <File Type="PLACE-DCP" Name="arm_placed.dcp"/>
  <File Type="PLACE-IO" Name="arm_io_placed.rpt"/>
  <File Type="PLACE-CLK" Name="arm_clock_utilization_placed.rpt"/>
  <File Type="PLACE-UTIL" Name="arm_utilization_placed.rpt"/>
  <File Type="PLACE-UTIL-PB" Name="arm_utilization_placed.pb"/>
  <File Type="PLACE-CTRL" Name="arm_control_sets_placed.rpt"/>
  <File Type="PLACE-SIMILARITY" Name="arm_incremental_reuse_placed.rpt"/>
  <File Type="PLACE-PRE-SIMILARITY" Name="arm_incremental_reuse_pre_placed.rpt"/>
  <File Type="BG-BIN" Name="arm.bin"/>
  <File Type="PLACE-TIMING" Name="arm_timing_summary_placed.rpt"/>
  <File Type="POSTPLACE-PWROPT-DCP" Name="arm_postplace_pwropt.dcp"/>
  <File Type="BITSTR-MSK" Name="arm.msk"/>
  <File Type="POSTPLACE-PWROPT-TIMING" Name="arm_timing_summary_postplace_pwropted.rpt"/>
  <File Type="PHYSOPT-DCP" Name="arm_physopt.dcp"/>
  <File Type="PHYSOPT-DRC" Name="arm_drc_physopted.rpt"/>
  <File Type="BITSTR-RBT" Name="arm.rbt"/>
  <File Type="PHYSOPT-TIMING" Name="arm_timing_summary_physopted.rpt"/>
  <File Type="ROUTE-ERROR-DCP" Name="arm_routed_error.dcp"/>
  <File Type="ROUTE-DCP" Name="arm_routed.dcp"/>
  <File Type="ROUTE-BLACKBOX-DCP" Name="arm_routed_bb.dcp"/>
  <File Type="ROUTE-DRC" Name="arm_drc_routed.rpt"/>
  <File Type="ROUTE-DRC-PB" Name="arm_drc_routed.pb"/>
  <File Type="ROUTE-DRC-RPX" Name="arm_drc_routed.rpx"/>
  <File Type="ROUTE-METHODOLOGY-DRC" Name="arm_methodology_drc_routed.rpt"/>
  <File Type="ROUTE-METHODOLOGY-DRC-RPX" Name="arm_methodology_drc_routed.rpx"/>
  <File Type="ROUTE-METHODOLOGY-DRC-PB" Name="arm_methodology_drc_routed.pb"/>
  <File Type="ROUTE-PWR-RPX" Name="arm_power_routed.rpx"/>
  <File Type="ROUTE-STATUS" Name="arm_route_status.rpt"/>
  <File Type="ROUTE-STATUS-PB" Name="arm_route_status.pb"/>
  <File Type="ROUTE-TIMINGSUMMARY" Name="arm_timing_summary_routed.rpt"/>
  <File Type="ROUTE-TIMING-PB" Name="arm_timing_summary_routed.pb"/>
  <File Type="ROUTE-TIMING-RPX" Name="arm_timing_summary_routed.rpx"/>
  <File Type="ROUTE-SIMILARITY" Name="arm_incremental_reuse_routed.rpt"/>
  <File Type="ROUTE-CLK" Name="arm_clock_utilization_routed.rpt"/>
  <File Type="ROUTE-BUS-SKEW" Name="arm_bus_skew_routed.rpt"/>
  <File Type="ROUTE-BUS-SKEW-PB" Name="arm_bus_skew_routed.pb"/>
  <File Type="ROUTE-BUS-SKEW-RPX" Name="arm_bus_skew_routed.rpx"/>
  <File Type="POSTROUTE-PHYSOPT-DCP" Name="arm_postroute_physopt.dcp"/>
  <File Type="POSTROUTE-PHYSOPT-BLACKBOX-DCP" Name="arm_postroute_physopt_bb.dcp"/>
  <File Type="POSTROUTE-PHYSOPT-TIMING" Name="arm_timing_summary_postroute_physopted.rpt"/>
  <File Type="POSTROUTE-PHYSOPT-TIMING-PB" Name="arm_timing_summary_postroute_physopted.pb"/>
  <File Type="POSTROUTE-PHYSOPT-TIMING-RPX" Name="arm_timing_summary_postroute_physopted.rpx"/>
  <File Type="POSTROUTE-PHYSOPT-BUS-SKEW" Name="arm_bus_skew_postroute_physopted.rpt"/>
  <File Type="BG-BIT" Name="arm.bit"/>
  <File Type="POSTROUTE-PHYSOPT-BUS-SKEW-PB" Name="arm_bus_skew_postroute_physopted.pb"/>
  <File Type="POSTROUTE-PHYSOPT-BUS-SKEW-RPX" Name="arm_bus_skew_postroute_physopted.rpx"/>
  <File Type="BITSTR-NKY" Name="arm.nky"/>
  <File Type="BITSTR-BMM" Name="arm_bd.bmm"/>
  <File Type="PDI-FILE" Name="arm.pdi"/>
  <File Type="RCFI_FILE" Name="arm.rcfi"/>
  <File Type="CFI_FILE" Name="arm.cfi"/>
  <File Type="RNPI_FILE" Name="arm.rnpi"/>
  <File Type="NPI_FILE" Name="arm.npi"/>
  <File Type="RBD_FILE" Name="arm.rbd"/>
  <File Type="BITSTR-LTX" Name="debug_nets.ltx"/>
  <File Type="BITSTR-LTX" Name="arm.ltx"/>
  <File Type="BITSTR-SYSDEF" Name="arm.sysdef"/>
  <File Type="BG-BGN" Name="arm.bgn"/>
  <File Type="BG-DRC" Name="arm.drc"/>
  <File Type="RDI-RDI" Name="arm.vdi"/>
  <File Type="WBT-USG" Name="usage_statistics_webtalk.html"/>
  <FileSet Name="sources" Type="DesignSrcs" RelSrcDir="$PSRCDIR/sources_1" RelGenDir="$PGENDIR/sources_1">
    <Filter Type="Srcs"/>
    <File Path="$PSRCDIR/sources_1/new/adder.vhd">
      <FileInfo>
        <Attr Name="UsedIn" Val="synthesis"/>
        <Attr Name="UsedIn" Val="simulation"/>
      </FileInfo>
    </File>
    <File Path="$PSRCDIR/sources_1/new/alu.vhd">
      <FileInfo>
        <Attr Name="UsedIn" Val="synthesis"/>
        <Attr Name="UsedIn" Val="simulation"/>
      </FileInfo>
    </File>
    <File Path="$PSRCDIR/sources_1/new/condcheck.vhd">
      <FileInfo>
        <Attr Name="UsedIn" Val="synthesis"/>
        <Attr Name="UsedIn" Val="simulation"/>
      </FileInfo>
    </File>
    <File Path="$PSRCDIR/sources_1/new/condlogic.vhd">
      <FileInfo>
        <Attr Name="UsedIn" Val="synthesis"/>
        <Attr Name="UsedIn" Val="simulation"/>
      </FileInfo>
    </File>
    <File Path="$PSRCDIR/sources_1/new/controller.vhd">
      <FileInfo>
        <Attr Name="UsedIn" Val="synthesis"/>
        <Attr Name="UsedIn" Val="simulation"/>
      </FileInfo>
    </File>
    <File Path="$PSRCDIR/sources_1/new/datapath.vhd">
      <FileInfo>
        <Attr Name="UsedIn" Val="synthesis"/>
        <Attr Name="UsedIn" Val="simulation"/>
      </FileInfo>
    </File>
    <File Path="$PSRCDIR/sources_1/new/decoder.vhd">
      <FileInfo>
        <Attr Name="UsedIn" Val="synthesis"/>
        <Attr Name="UsedIn" Val="simulation"/>
      </FileInfo>
    </File>
    <File Path="$PSRCDIR/sources_1/new/dmem.vhd">
      <FileInfo>
        <Attr Name="UsedIn" Val="synthesis"/>
        <Attr Name="UsedIn" Val="simulation"/>
      </FileInfo>
    </File>
    <File Path="$PSRCDIR/sources_1/new/extend.vhd">
      <FileInfo>
        <Attr Name="UsedIn" Val="synthesis"/>
        <Attr Name="UsedIn" Val="simulation"/>
      </FileInfo>
    </File>
    <File Path="$PSRCDIR/sources_1/new/flopenr.vhd">
      <FileInfo>
        <Attr Name="UsedIn" Val="synthesis"/>
        <Attr Name="UsedIn" Val="simulation"/>
      </FileInfo>
    </File>
    <File Path="$PSRCDIR/sources_1/new/flopr.vhd">
      <FileInfo>
        <Attr Name="UsedIn" Val="synthesis"/>
        <Attr Name="UsedIn" Val="simulation"/>
      </FileInfo>
    </File>
    <File Path="$PSRCDIR/sources_1/new/imem.vhd">
      <FileInfo>
        <Attr Name="UsedIn" Val="synthesis"/>
        <Attr Name="UsedIn" Val="simulation"/>
      </FileInfo>
    </File>
    <File Path="$PSRCDIR/sources_1/new/mux2.vhd">
      <FileInfo>
        <Attr Name="UsedIn" Val="synthesis"/>
        <Attr Name="UsedIn" Val="simulation"/>
      </FileInfo>
    </File>
    <File Path="$PSRCDIR/sources_1/new/regfile.vhd">
      <FileInfo>
        <Attr Name="UsedIn" Val="synthesis"/>
        <Attr Name="UsedIn" Val="simulation"/>
      </FileInfo>
    </File>
    <File Path="$PSRCDIR/sources_1/new/arm.vhd">
      <FileInfo>
        <Attr Name="UsedIn" Val="synthesis"/>
        <Attr Name="UsedIn" Val="simulation"/>
      </FileInfo>
    </File>
    <Config>
      <Option Name="DesignMode" Val="RTL"/>
      <Option Name="TopModule" Val="arm"/>
    </Config>
  </FileSet>
  <FileSet Name="constrs_in" Type="Constrs" RelSrcDir="$PSRCDIR/constrs_1">
    <Filter Type="Constrs"/>
    <File Path="$PSRCDIR/constrs_1/new/zedboard.xdc">
      <FileInfo>
        <Attr Name="UsedIn" Val="synthesis"/>
        <Attr Name="UsedIn" Val="implementation"/>
      </FileInfo>
    </File>
    <Config>
      <Option Name="TargetConstrsFile" Val="$PSRCDIR/constrs_1/new/zedboard.xdc"/>
      <Option Name="ConstrsType" Val="XDC"/>
    </Config>
  </FileSet>
  <FileSet Name="utils" Type="Utils" RelSrcDir="$PSRCDIR/utils_1">
    <Filter Type="Utils"/>
    <File Path="$PSRCDIR/utils_1/imports/synth_1/arm.dcp">
      <FileInfo>
        <Attr Name="UsedIn" Val="synthesis"/>
        <Attr Name="UsedIn" Val="implementation"/>
        <Attr Name="UsedInSteps" Val="synth_1"/>
        <Attr Name="AutoDcp" Val="1"/>
      </FileInfo>
    </File>
    <Config>
      <Option Name="TopAutoSet" Val="TRUE"/>
    </Config>
  </FileSet>
  <Strategy Version="1" Minor="2">
    <StratHandle Name="Vivado Implementation Defaults" Flow="Vivado Implementation 2021">
      <Desc>Default settings for Implementation.</Desc>
    </StratHandle>
    <Step Id="init_design"/>
    <Step Id="opt_design"/>
    <Step Id="power_opt_design"/>
    <Step Id="place_design"/>
    <Step Id="post_place_power_opt_design"/>
    <Step Id="phys_opt_design"/>
    <Step Id="route_design"/>
    <Step Id="post_route_phys_opt_design"/>
    <Step Id="write_bitstream"/>
  </Strategy>
</GenRun>
